{
  "params": {
    "offset": {
      "SOFT": -0.057527098198996346,
      "MEDIUM": -0.046828625484099794,
      "HARD": -0.0385370885687841
    },
    "tempCoeff": {
      "SOFT": 0.02092038796066693,
      "MEDIUM": 0.02331576125048905,
      "HARD": 0.024410450031157722
    },
    "degr1": {
      "SOFT": 0.01644899870816641,
      "MEDIUM": 0.008204677506081958,
      "HARD": 0.004001647722802616
    },
    "degr2": {
      "SOFT": 0.00011580542257219958,
      "MEDIUM": 0.00005010990891901774,
      "HARD": 0.000020910861865630064
    },
    "freshBonus": {
      "SOFT": -0.7645434254707644,
      "MEDIUM": -1.0007294881930933,
      "HARD": -2
    },
    "pitExitPenalty": -2,
    "shelfLife": {
      "SOFT": 9.852601049001082,
      "MEDIUM": 19.82889597068496,
      "HARD": 29.660279543803547
    },
    "queuePenalty": 0
  },
  "score": 63018864
}