{
  "params": {
    "offset": {
      "SOFT": -0.1,
      "MEDIUM": 0.008532465631040417,
      "HARD": 0.1
    },
    "tempCoeff": {
      "SOFT": 0.048088368688569305,
      "MEDIUM": 0,
      "HARD": 0.01534445657416134
    },
    "degr1": {
      "SOFT": 0,
      "MEDIUM": 0.03530619139879398,
      "HARD": 0
    },
    "degr2": {
      "SOFT": 0.003027713501049347,
      "MEDIUM": 0,
      "HARD": 0.0018
    },
    "freshBonus": {
      "SOFT": 2,
      "MEDIUM": -0.32698804926611436,
      "HARD": 0.7857859483298397
    },
    "pitExitPenalty": -3,
    "shelfLife": {
      "SOFT": 13.28420298228659,
      "MEDIUM": 40,
      "HARD": 57.6627612740073
    },
    "queuePenalty": 0,
    "fuelFactor": 0,
    "tempPace": {
      "SOFT": 0,
      "MEDIUM": 0.022052634681002593,
      "HARD": 0.03513186840348128
    }
  }
}