{
  "params": {
    "offset": {
      "SOFT": -0.0575263016430017,
      "MEDIUM": -0.0468288421331558,
      "HARD": -0.038536546160595535
    },
    "tempCoeff": {
      "SOFT": 0.02092038796066693,
      "MEDIUM": 0.02315294493348584,
      "HARD": 0.024943934025812166
    },
    "degr1": {
      "SOFT": 0.01644899870816641,
      "MEDIUM": 0.008204677506081958,
      "HARD": 0.004001647722802616
    },
    "degr2": {
      "SOFT": 0.00011580542257219958,
      "MEDIUM": 0.00005010990891901774,
      "HARD": 0.000020910861865630064
    },
    "freshBonus": {
      "SOFT": -0.7645434254707644,
      "MEDIUM": -1.0007294881930933,
      "HARD": -2
    },
    "pitExitPenalty": -2,
    "shelfLife": {
      "SOFT": 9.851895728721823,
      "MEDIUM": 19.829193832301804,
      "HARD": 29.660369480036668
    },
    "queuePenalty": 0
  },
  "exact": 58,
  "pairs": 18852
}