{
  "params": {
    "offset": {
      "SOFT": -0.05737029042127033,
      "MEDIUM": -0.0468288421331558,
      "HARD": -0.038537621329312904
    },
    "tempCoeff": {
      "SOFT": 0.023533056092646245,
      "MEDIUM": 0.02279552570679201,
      "HARD": 0.02333849908925509
    },
    "degr1": {
      "SOFT": 0.01644899870816641,
      "MEDIUM": 0.008203088905541701,
      "HARD": 0.00406929694974498
    },
    "degr2": {
      "SOFT": 0.00011631745725786616,
      "MEDIUM": 0.00004875761156462312,
      "HARD": 0.000041160419632360834
    },
    "freshBonus": {
      "SOFT": -0.7645434254707644,
      "MEDIUM": -1.0007294881930933,
      "HARD": -2
    },
    "pitExitPenalty": -2,
    "shelfLife": {
      "SOFT": 9.852216990843093,
      "MEDIUM": 19.82258692066948,
      "HARD": 29.667278504189394
    },
    "queuePenalty": 0,
    "degrExp": {
      "SOFT": 1.9837593283220545,
      "MEDIUM": 2.029930154847413,
      "HARD": 1.797990941994186
    },
    "fuelPace": {
      "SOFT": 0,
      "MEDIUM": 0,
      "HARD": 0
    },
    "fuelWear": {
      "SOFT": 0,
      "MEDIUM": 0,
      "HARD": 0
    }
  }
}