{
  "SOFT": [
    0,
    0.0001,
    0.0002,
    0.00030000000000000003,
    0.0004,
    0.0005,
    0.0006000000000000001,
    0.0007000000000000001,
    0.0008000000000000001,
    0.0009000000000000002,
    0.0010000000000000002,
    0.0011000000000000003,
    0.7383639184999946,
    4.04694934850002,
    7.903135274000048,
    10.182405218500046,
    10.81323340650007,
    10.81333340650007,
    10.813433406500069,
    10.813533406500069,
    10.813633406500069,
    10.813733406500068,
    10.813833406500068,
    10.813933406500068,
    10.814033406500068,
    10.814133406500067,
    10.814233406500067,
    10.814333406500067,
    10.814433406500067,
    10.814533406500066,
    10.814633406500066,
    10.814733406500066,
    10.814833406500066,
    10.814933406500066,
    10.815033406500065,
    10.815133406500065,
    10.815233406500065,
    10.815333406500065,
    10.815433406500064,
    10.815533406500064,
    10.815633406500064,
    10.815733406500064,
    10.815833406500063,
    10.815933406500063,
    10.816033406500063,
    10.816133406500063,
    10.816233406500062,
    10.816333406500062,
    10.816433406500062,
    10.816533406500062,
    10.816633406500062,
    10.816733406500061,
    10.816833406500061,
    10.81693340650006,
    10.81703340650006,
    10.81713340650006,
    10.81723340650006,
    10.81733340650006,
    10.81743340650006,
    10.81753340650006,
    10.81763340650006,
    10.817733406500059,
    10.817833406500059,
    10.817933406500059,
    10.818033406500058,
    10.818133406500058,
    10.818233406500058,
    10.818333406500058,
    10.818433406500057,
    10.818533406500057
  ],
  "MEDIUM": [
    7.669558075000073,
    7.669658075000075,
    7.6697580750000744,
    7.669858075000074,
    7.669958075000074,
    7.670058075000074,
    7.6701580750000735,
    7.670258075000073,
    7.670358075000073,
    7.670458075000073,
    7.670558075000073,
    7.670658075000072,
    7.670758075000072,
    7.670858075000072,
    7.670958075000072,
    7.671058075000071,
    7.671158075000071,
    7.671258075000071,
    7.671358075000071,
    7.6714580750000705,
    7.67155807500007,
    7.67165807500007,
    7.67175807500007,
    7.6718580750000696,
    8.696880006000065,
    11.171614914999966,
    13.154570174999915,
    14.051253227000052,
    14.051353227000051,
    14.051453227000051,
    14.051553227000051,
    14.05165322700005,
    14.05175322700005,
    14.05185322700005,
    14.05195322700005,
    14.05205322700005,
    14.05215322700005,
    14.05225322700005,
    14.052353227000049,
    14.052453227000049,
    14.052553227000049,
    14.052653227000048,
    14.052753227000048,
    14.052853227000048,
    14.052953227000048,
    14.053053227000047,
    14.053153227000047,
    14.053253227000047,
    14.053353227000047,
    14.053453227000047,
    14.053553227000046,
    14.053653227000046,
    14.053753227000046,
    14.053853227000046,
    14.053953227000045,
    14.054053227000045,
    14.054153227000045,
    14.054253227000045,
    14.054353227000044,
    14.054453227000044,
    14.054553227000044,
    14.054653227000044,
    14.054753227000043,
    14.054853227000043,
    14.054953227000043,
    14.055053227000043,
    14.055153227000043,
    14.055253227000042,
    14.055353227000042,
    14.055453227000042
  ],
  "HARD": [
    0.14144438299998932,
    0.14154438299998934,
    0.14164438299998933,
    0.14174438299998934,
    0.14184438299998933,
    0.14194438299998935,
    0.14204438299998934,
    0.14214438299998933,
    0.14224438299998932,
    0.1423443829999893,
    0.1424443829999893,
    0.14254438299998928,
    0.14264438299998927,
    0.14274438299998926,
    0.14284438299998925,
    0.14294438299998924,
    0.14304438299998923,
    0.14314438299998922,
    0.1432443829999892,
    0.2747196889999632,
    0.2748196889999632,
    0.35802502049998064,
    0.35812502049998063,
    0.3582250204999806,
    0.3583250204999806,
    0.3584250204999806,
    0.3585250204999806,
    0.3586250204999806,
    0.35872502049998056,
    2.72324651249998,
    2.9036814909999817,
    2.903781490999982,
    3.546356996000002,
    4.086121991499978,
    4.0973532519999925,
    4.256993255999999,
    4.262774818500009,
    4.297472864000027,
    4.310516669500008,
    4.384801518500011,
    4.384901518500011,
    4.385001518500011,
    4.385101518500011,
    4.38520151850001,
    4.38530151850001,
    4.38540151850001,
    4.38550151850001,
    4.3856015185000095,
    4.385701518500009,
    4.385801518500009,
    4.385901518500009,
    4.3860015185000085,
    4.386101518500008,
    4.386201518500008,
    4.386301518500008,
    4.386401518500008,
    4.386501518500007,
    4.386601518500007,
    4.386701518500007,
    4.386801518500007,
    4.386901518500006,
    4.387001518500006,
    4.387101518500006,
    4.387201518500006,
    4.3873015185000055,
    4.387401518500005,
    4.387501518500005,
    4.387601518500005,
    4.387701518500005,
    4.387801518500004
  ],
  "offsets": {
    "SOFT": -0.0291524480000002,
    "MEDIUM": -7.955970255497929,
    "HARD": -2.1342664674989145
  }
}